{"cameraMode":{"drawMode":0,"name":"Shaded","section":"Shading Mode"},"sceneLighting":false,"audioPlay":false,"sceneViewState":{"m_AlwaysRefresh":false,"showFog":true,"showSkybox":true,"showFlares":true,"showImageEffects":true,"showParticleSystems":true,"showVisualEffectGraphs":true,"m_FxEnabled":true},"in2DMode":false,"pivot":{"x":6.404486179351807,"y":6.4675798416137699,"z":-11.87388801574707},"rotation":{"x":0.37794744968414309,"y":-0.17125914990901948,"z":0.07136613875627518,"w":0.9070551991462708},"size":13.053860664367676,"orthographic":true}